feature,importance
shipping_cost,0.18136829838860727
discount_rate,0.16984533853192674
value_per_item,0.16588467797929815
shipping_ratio,0.1593450007983137
order_value,0.1559309518720569
discount_amount,0.15295634665568678
is_weekend,0.014669385774110562
