percentage,method,f1
5,supervised_only,0.8766492146596859
10,supervised_only,0.8816666666666667
15,supervised_only,0.8816666666666667
20,supervised_only,0.8791644908616187
30,supervised_only,0.8816666666666667
